Age,Sleep Duration,Quality of Sleep,Physical Activity Level,Stress Level,BMI Category,Heart Rate,Daily Steps,Sleep Disorder,bp_systolic,bp_diastolic,Gender_Male,Occupation_Doctor,Occupation_Engineer,Occupation_Lawyer,Occupation_Manager,Occupation_Nurse,Occupation_Sales Representative,Occupation_Salesperson,Occupation_Scientist,Occupation_Software Engineer,Occupation_Teacher
0.0,0.11111111111111116,0.40000000000000013,0.19999999999999996,0.6000000000000001,1,0.5714285714285716,0.17142857142857149,0,0.40740740740740744,0.40000000000000036,True,False,False,False,False,False,False,False,False,True,False
0.03125,0.14814814814814836,0.40000000000000013,0.5,1.0,0,0.4761904761904763,1.0,0,0.3703703703703711,0.25,True,True,False,False,False,False,False,False,False,False,False
0.03125,0.0370370370370372,0.0,0.0,1.0,2,0.9523809523809526,0.0,2,0.9259259259259265,0.75,True,False,False,False,False,False,True,False,False,False,False
0.03125,0.0370370370370372,0.0,0.0,1.0,2,0.9523809523809526,0.0,1,0.9259259259259265,0.75,True,False,False,False,False,False,False,False,False,True,False
0.0625,0.18518518518518512,0.40000000000000013,0.16666666666666663,0.8,2,0.8095238095238098,0.0714285714285714,1,0.9259259259259265,0.75,True,False,False,False,False,False,False,False,False,False,True
0.0625,0.7407407407407409,0.6000000000000001,0.75,0.6000000000000001,0,0.23809523809523814,0.7142857142857144,0,0.185185185185186,0.25,True,True,False,False,False,False,False,False,False,False,False
0.0625,0.11111111111111116,0.40000000000000013,0.0,1.0,0,0.23809523809523814,0.7142857142857144,0,0.185185185185186,0.25,True,True,False,False,False,False,False,False,False,False,False
0.0625,0.0740740740740744,0.40000000000000013,0.0,1.0,0,0.23809523809523814,0.7142857142857144,0,0.185185185185186,0.25,True,True,False,False,False,False,False,False,False,False,False
0.0625,0.2592592592592595,0.19999999999999996,0.16666666666666663,0.8,0,0.7142857142857144,0.1428571428571429,2,0.6296296296296298,0.6000000000000005,False,False,False,False,False,True,False,False,False,False,False
0.0625,0.0740740740740744,0.40000000000000013,0.0,1.0,0,0.23809523809523814,0.7142857142857144,2,0.185185185185186,0.25,True,True,False,False,False,False,False,False,False,False,False
0.0625,0.2592592592592595,0.19999999999999996,0.16666666666666663,0.8,0,0.7142857142857144,0.1428571428571429,1,0.6296296296296298,0.6000000000000005,False,False,False,False,False,True,False,False,False,False,False
0.09375,0.6666666666666665,0.6000000000000001,0.75,0.6000000000000001,0,0.23809523809523814,0.7142857142857144,0,0.185185185185186,0.25,True,True,False,False,False,False,False,False,False,False,False
0.09375,0.7037037037037037,0.6000000000000001,0.75,0.6000000000000001,0,0.23809523809523814,0.7142857142857144,0,0.185185185185186,0.25,True,True,False,False,False,False,False,False,False,False,False
0.09375,0.7407407407407409,0.6000000000000001,0.75,0.6000000000000001,0,0.23809523809523814,0.7142857142857144,0,0.185185185185186,0.25,True,True,False,False,False,False,False,False,False,False,False
0.09375,0.7777777777777781,0.6000000000000001,0.75,0.6000000000000001,0,0.23809523809523814,0.7142857142857144,0,0.185185185185186,0.25,True,True,False,False,False,False,False,False,False,False,False
0.09375,0.22222222222222232,0.19999999999999996,0.08333333333333337,0.8,0,0.6190476190476191,0.15714285714285714,2,0.5555555555555562,0.5499999999999998,False,False,False,False,False,True,False,False,False,False,False
0.09375,0.22222222222222232,0.19999999999999996,0.08333333333333337,0.8,0,0.6190476190476191,0.15714285714285714,1,0.5555555555555562,0.5499999999999998,False,False,False,False,False,True,False,False,False,False,False
0.125,0.7777777777777781,0.8,0.75,0.19999999999999996,0,0.1904761904761907,0.5428571428571429,0,0.0740740740740744,0.050000000000000266,False,False,False,False,False,True,False,False,False,False,False
0.125,0.11111111111111116,0.40000000000000013,0.0,1.0,0,0.3333333333333335,0.2857142857142857,0,0.3703703703703711,0.25,True,True,False,False,False,False,False,False,False,False,False
0.125,0.7037037037037037,0.6000000000000001,0.75,0.6000000000000001,0,0.23809523809523814,0.7142857142857144,0,0.185185185185186,0.25,True,True,False,False,False,False,False,False,False,False,False
0.125,0.6666666666666665,0.6000000000000001,0.75,0.6000000000000001,0,0.23809523809523814,0.7142857142857144,0,0.185185185185186,0.25,True,True,False,False,False,False,False,False,False,False,False
0.125,0.7407407407407409,0.6000000000000001,0.75,0.6000000000000001,0,0.23809523809523814,0.7142857142857144,0,0.185185185185186,0.25,True,True,False,False,False,False,False,False,False,False,False
0.125,0.7037037037037037,0.6000000000000001,0.75,0.6000000000000001,0,0.23809523809523814,0.7142857142857144,2,0.185185185185186,0.25,True,True,False,False,False,False,False,False,False,False,False
0.15625,0.6296296296296298,0.8,0.25,0.0,0,0.23809523809523814,0.7142857142857144,0,0.185185185185186,0.25,True,False,True,False,False,False,False,False,False,False,False
0.15625,0.0740740740740744,0.40000000000000013,0.0,1.0,0,0.3333333333333335,0.2857142857142857,0,0.3703703703703711,0.25,True,True,False,False,False,False,False,False,False,False,False
0.15625,0.6666666666666665,0.6000000000000001,0.75,0.6000000000000001,0,0.23809523809523814,0.7142857142857144,0,0.185185185185186,0.25,True,True,False,False,False,False,False,False,False,False,False
0.15625,0.7037037037037037,0.6000000000000001,0.75,0.6000000000000001,0,0.23809523809523814,0.7142857142857144,0,0.185185185185186,0.25,True,True,False,False,False,False,False,False,False,False,False
0.15625,0.14814814814814836,0.40000000000000013,0.0,1.0,0,0.3333333333333335,0.2857142857142857,0,0.3703703703703711,0.25,True,True,False,False,False,False,False,False,False,False,False
0.15625,0.5185185185185186,0.8,0.33333333333333337,0.6000000000000001,0,0.14285714285714324,0.5714285714285714,0,0.1111111111111116,0.050000000000000266,True,False,False,False,False,False,False,False,False,False,False
0.1875,0.0740740740740744,0.40000000000000013,0.0,1.0,0,0.3333333333333335,0.2857142857142857,1,0.3703703703703711,0.25,True,True,False,False,False,False,False,False,False,False,False
0.1875,0.14814814814814836,0.40000000000000013,0.33333333333333337,0.6000000000000001,1,0.5238095238095237,0.3571428571428572,0,0.48148148148148184,0.5,False,False,False,False,False,False,False,False,True,False,False
0.1875,0.11111111111111116,0.40000000000000013,0.0,1.0,0,0.3333333333333335,0.2857142857142857,0,0.3703703703703711,0.25,True,True,False,False,False,False,False,False,False,False,False
0.1875,0.0740740740740744,0.40000000000000013,0.0,1.0,0,0.3333333333333335,0.2857142857142857,0,0.3703703703703711,0.25,True,True,False,False,False,False,False,False,False,False,False
0.21875,0.0,0.0,0.033333333333333326,1.0,1,0.7619047619047619,0.3142857142857143,2,0.5925925925925926,0.5499999999999998,False,False,False,False,False,False,False,False,True,False,False
0.25,0.3333333333333335,0.6000000000000001,0.16666666666666663,0.3999999999999999,1,0.23809523809523814,0.37142857142857144,0,0.48148148148148184,0.4500000000000002,True,False,False,False,False,False,False,False,False,False,True
0.25,0.6296296296296298,0.8,0.5,0.3999999999999999,0,0.23809523809523814,0.7142857142857144,0,0.185185185185186,0.25,True,False,False,False,False,False,False,False,False,True,False
0.25,0.5185185185185186,0.8,0.5,0.19999999999999996,0,0.14285714285714324,0.5714285714285714,0,0.0,0.0,False,False,False,False,False,False,False,False,False,False,False
0.25,0.5185185185185186,0.8,0.5,0.19999999999999996,0,0.0,0.2857142857142857,0,0.3703703703703711,0.25,True,False,True,False,False,False,False,False,False,False,False
0.25,0.5555555555555554,0.8,0.5,0.19999999999999996,0,0.0,0.2857142857142857,0,0.3703703703703711,0.25,True,False,True,False,False,False,False,False,False,False,False
0.25,0.592592592592593,0.6000000000000001,0.5,0.3999999999999999,2,0.9047619047619051,0.04285714285714287,2,0.7407407407407414,0.6500000000000004,True,False,False,True,False,False,False,False,False,False,False
0.28125,0.5185185185185186,0.8,0.5,0.19999999999999996,0,0.14285714285714324,0.5714285714285714,1,0.0,0.0,False,False,False,False,False,False,False,False,False,False,False
0.28125,0.4814814814814814,0.8,0.5,0.19999999999999996,0,0.14285714285714324,0.5714285714285714,0,0.0,0.0,False,False,False,False,False,False,False,False,False,False,False
0.28125,0.5185185185185186,0.8,0.5,0.19999999999999996,0,0.14285714285714324,0.5714285714285714,0,0.0,0.0,False,False,False,False,False,False,False,False,False,False,False
0.28125,0.4814814814814814,0.8,0.5,0.19999999999999996,0,0.14285714285714324,0.5714285714285714,0,0.0,0.0,False,False,False,False,False,False,False,False,False,False,True
0.28125,0.5185185185185186,0.8,0.5,0.19999999999999996,0,0.14285714285714324,0.5714285714285714,0,0.0,0.0,False,False,False,False,False,False,False,False,False,False,True
0.28125,0.2962962962962963,0.19999999999999996,0.08333333333333337,0.8,1,0.4285714285714288,0.2571428571428571,2,0.518518518518519,0.4500000000000002,True,False,False,False,False,False,False,False,False,False,True
0.28125,0.5185185185185186,0.8,0.5,0.19999999999999996,0,0.14285714285714324,0.5714285714285714,2,0.0,0.0,False,False,False,False,False,False,False,False,False,False,True
0.28125,0.2962962962962963,0.19999999999999996,0.08333333333333337,0.8,1,0.4285714285714288,0.2571428571428571,1,0.518518518518519,0.4500000000000002,True,False,False,False,False,False,False,False,False,False,True
0.3125,0.11111111111111116,0.40000000000000013,0.19999999999999996,0.6000000000000001,1,0.5714285714285716,0.17142857142857149,0,0.40740740740740744,0.40000000000000036,False,False,False,False,False,True,False,False,False,False,False
0.3125,0.7407407407407409,0.8,0.6666666666666667,0.19999999999999996,0,0.14285714285714324,0.5714285714285714,0,0.185185185185186,0.25,True,False,True,False,False,False,False,False,False,False,False
0.3125,0.592592592592593,0.8,0.5,0.3999999999999999,0,0.14285714285714324,0.7142857142857144,0,0.5555555555555562,0.5,True,False,False,True,False,False,False,False,False,False,False
0.3125,0.5185185185185186,0.8,0.5,0.19999999999999996,0,0.14285714285714324,0.5714285714285714,0,0.0,0.0,False,False,False,False,False,False,False,False,False,False,False
0.3125,0.6296296296296298,0.8,0.5,0.19999999999999996,0,0.23809523809523814,0.7142857142857144,0,0.185185185185186,0.25,False,False,False,False,False,True,False,False,False,False,False
0.34375,0.5555555555555554,0.8,0.5,0.3999999999999999,0,0.14285714285714324,0.7142857142857144,0,0.5555555555555562,0.5,True,False,False,True,False,False,False,False,False,False,False
0.34375,0.4814814814814814,0.8,0.5,0.19999999999999996,0,0.14285714285714324,0.5714285714285714,0,0.0,0.0,False,False,False,False,False,False,False,False,False,False,False
0.34375,0.4814814814814814,0.8,0.5,0.3999999999999999,0,0.14285714285714324,0.7142857142857144,0,0.5555555555555562,0.5,True,False,False,True,False,False,False,False,False,False,False
0.34375,0.4814814814814814,0.8,0.5,0.3999999999999999,0,0.14285714285714324,0.7142857142857144,2,0.5555555555555562,0.5,True,False,False,True,False,False,False,False,False,False,False
0.34375,0.592592592592593,0.6000000000000001,0.5,0.3999999999999999,2,0.9047619047619051,0.04285714285714287,2,0.7407407407407414,0.6500000000000004,False,False,False,True,False,False,False,False,False,False,False
0.375,0.5185185185185186,0.8,0.5,0.3999999999999999,0,0.14285714285714324,0.7142857142857144,1,0.5555555555555562,0.5,True,False,False,True,False,False,False,False,False,False,False
0.375,0.2592592592592595,0.19999999999999996,0.16666666666666663,0.8,1,0.7142857142857144,0.1428571428571429,1,0.6296296296296298,0.6000000000000005,True,False,True,False,False,False,False,False,False,False,False
0.375,0.40740740740740744,0.6000000000000001,0.33333333333333337,0.6000000000000001,0,0.4761904761904763,0.3571428571428572,0,0.48148148148148184,0.5,False,False,False,True,False,False,False,False,False,False,False
0.375,0.8148148148148149,1.0,0.8333333333333333,0.0,0,0.09523809523809534,0.642857142857143,0,0.0,0.15000000000000036,False,False,False,False,False,False,False,False,False,False,False
0.375,0.5185185185185186,0.8,0.5,0.3999999999999999,0,0.14285714285714324,0.7142857142857144,0,0.5555555555555562,0.5,True,False,False,True,False,False,False,False,False,False,False
0.40625,0.5185185185185186,0.8,0.41666666666666663,0.6000000000000001,0,0.38095238095238093,0.6142857142857143,0,0.1481481481481488,0.10000000000000009,False,False,False,False,False,False,False,False,False,False,False
0.40625,0.7777777777777781,0.8,1.0,0.3999999999999999,0,0.14285714285714324,0.7142857142857144,0,0.5555555555555562,0.5,True,False,False,True,False,False,False,False,False,False,False
0.4375,0.6666666666666665,0.8,1.0,0.3999999999999999,0,0.23809523809523814,0.7142857142857144,1,0.5555555555555562,0.5,True,False,False,True,False,False,False,False,False,False,False
0.4375,0.5555555555555554,0.8,0.6666666666666667,0.6000000000000001,0,0.3333333333333335,0.4571428571428572,0,0.22222222222222232,0.20000000000000018,True,False,True,False,False,False,False,False,False,False,False
0.4375,0.4814814814814814,0.6000000000000001,0.41666666666666663,0.6000000000000001,1,0.3333333333333335,0.4285714285714286,0,0.3703703703703711,0.35000000000000053,True,False,False,True,False,False,False,False,False,False,False
0.4375,0.7037037037037037,0.8,1.0,0.3999999999999999,0,0.23809523809523814,0.7142857142857144,0,0.5555555555555562,0.5,True,False,False,True,False,False,False,False,False,False,False
0.4375,0.6666666666666665,0.8,1.0,0.3999999999999999,0,0.23809523809523814,0.7142857142857144,0,0.5555555555555562,0.5,True,False,False,True,False,False,False,False,False,False,False
0.46875,0.2592592592592595,0.40000000000000013,0.25,0.8,1,0.3333333333333335,0.4285714285714286,1,0.5555555555555562,0.5,True,False,False,False,False,False,False,True,False,False,False
0.46875,0.7407407407407409,0.8,1.0,0.3999999999999999,0,0.23809523809523814,0.7142857142857144,0,0.5555555555555562,0.5,True,False,False,True,False,False,False,False,False,False,False
0.46875,0.37037037037037024,0.40000000000000013,0.25,0.8,1,0.6190476190476191,0.2857142857142857,2,0.5555555555555562,0.5,False,False,False,False,False,False,False,False,False,False,True
0.5,0.3333333333333335,0.6000000000000001,0.25,0.19999999999999996,1,0.0,0.4285714285714286,1,0.7407407407407414,0.75,False,False,False,False,False,False,False,False,False,False,True
0.5,0.18518518518518512,0.40000000000000013,0.25,0.8,1,0.3333333333333335,0.4285714285714286,1,0.5555555555555562,0.5,True,False,False,False,False,False,False,True,False,False,False
0.5,0.2592592592592595,0.40000000000000013,0.25,0.8,1,0.3333333333333335,0.4285714285714286,1,0.5555555555555562,0.5,True,False,False,False,False,False,False,True,False,False,False
0.5,0.22222222222222232,0.40000000000000013,0.25,0.8,1,0.3333333333333335,0.4285714285714286,1,0.5555555555555562,0.5,True,False,False,False,False,False,False,True,False,False,False
0.5,0.7407407407407409,0.8,1.0,0.3999999999999999,0,0.23809523809523814,0.7142857142857144,1,0.5555555555555562,0.5,True,False,True,False,False,False,False,False,False,False,False
0.5,0.40740740740740744,0.40000000000000013,0.2833333333333333,0.8,0,0.1904761904761907,0.5428571428571429,0,0.0740740740740744,0.050000000000000266,True,False,True,False,False,False,False,False,False,False,False
0.5,0.6666666666666665,0.8,0.75,0.19999999999999996,1,0.14285714285714324,0.5428571428571429,0,0.2592592592592595,0.25,True,False,True,False,False,False,False,False,False,False,False
0.5,0.7037037037037037,0.8,1.0,0.3999999999999999,0,0.23809523809523814,0.7142857142857144,0,0.5555555555555562,0.5,True,False,True,False,False,False,False,False,False,False,False
0.5,0.7407407407407409,0.8,1.0,0.3999999999999999,0,0.23809523809523814,0.7142857142857144,0,0.5555555555555562,0.5,True,False,True,False,False,False,False,False,False,False,False
0.5,0.7407407407407409,0.8,1.0,0.3999999999999999,0,0.23809523809523814,0.7142857142857144,2,0.5555555555555562,0.5,True,False,True,False,False,False,False,False,False,False,False
0.5,0.2592592592592595,0.40000000000000013,0.25,0.8,1,0.3333333333333335,0.4285714285714286,2,0.5555555555555562,0.5,True,False,False,False,False,False,False,True,False,False,False
0.53125,0.2962962962962963,0.6000000000000001,0.25,0.19999999999999996,1,0.0,0.4285714285714286,1,0.7407407407407414,0.75,False,False,False,False,False,False,False,False,False,False,True
0.53125,0.22222222222222232,0.40000000000000013,0.25,0.8,1,0.3333333333333335,0.4285714285714286,1,0.5555555555555562,0.5,True,False,False,False,False,False,False,True,False,False,False
0.53125,0.18518518518518512,0.40000000000000013,0.25,0.8,1,0.3333333333333335,0.4285714285714286,1,0.5555555555555562,0.5,True,False,False,False,False,False,False,True,False,False,False
0.53125,0.2592592592592595,0.6000000000000001,0.25,0.19999999999999996,1,0.0,0.4285714285714286,1,0.7407407407407414,0.75,False,False,False,False,False,False,False,False,False,False,True
0.53125,0.37037037037037024,0.6000000000000001,0.25,0.8,1,0.6190476190476191,0.2857142857142857,1,0.5555555555555562,0.5,True,False,True,False,False,False,False,False,False,False,False
0.53125,0.22222222222222232,0.40000000000000013,0.25,0.8,1,0.3333333333333335,0.4285714285714286,0,0.5555555555555562,0.5,True,False,False,False,False,False,False,True,False,False,False
0.53125,0.2592592592592595,0.40000000000000013,0.25,0.8,1,0.3333333333333335,0.4285714285714286,0,0.5555555555555562,0.5,True,False,False,False,False,False,False,True,False,False,False
0.5625,0.37037037037037024,0.6000000000000001,0.0,0.6000000000000001,1,0.0,0.4285714285714286,1,0.7407407407407414,0.75,False,False,False,False,False,False,False,False,False,False,True
0.5625,0.2592592592592595,0.6000000000000001,0.25,0.19999999999999996,1,0.0,0.4285714285714286,1,0.7407407407407414,0.75,False,False,False,False,False,False,False,False,False,False,True
0.5625,0.2962962962962963,0.6000000000000001,0.25,0.19999999999999996,1,0.0,0.4285714285714286,1,0.7407407407407414,0.75,False,False,False,False,False,False,False,False,False,False,True
0.5625,0.2962962962962963,0.6000000000000001,0.25,0.19999999999999996,1,0.0,0.4285714285714286,0,0.7407407407407414,0.75,False,False,False,False,False,False,False,False,False,False,True
0.5625,0.40740740740740744,0.6000000000000001,0.41666666666666663,0.3999999999999999,1,0.4761904761904763,0.3571428571428572,0,0.3703703703703711,0.35000000000000053,False,False,False,False,True,False,False,False,False,False,False
0.65625,0.5555555555555554,0.6000000000000001,0.5833333333333333,0.3999999999999999,2,0.8571428571428572,0.0714285714285714,1,1.0,0.8500000000000005,True,True,False,False,False,False,False,False,False,False,False
0.65625,0.0370370370370372,0.40000000000000013,1.0,1.0,1,0.4761904761904763,1.0,2,0.9259259259259265,1.0,False,False,False,False,False,True,False,False,False,False,False
0.6875,0.14814814814814836,0.40000000000000013,1.0,1.0,1,0.4761904761904763,1.0,0,0.9259259259259265,1.0,False,False,False,False,False,True,False,False,False,False,False
0.6875,0.0740740740740744,0.40000000000000013,1.0,1.0,1,0.4761904761904763,1.0,2,0.9259259259259265,1.0,False,False,False,False,False,True,False,False,False,False,False
0.6875,0.11111111111111116,0.40000000000000013,1.0,1.0,1,0.4761904761904763,1.0,2,0.9259259259259265,1.0,False,False,False,False,False,True,False,False,False,False,False
0.6875,0.14814814814814836,0.40000000000000013,1.0,1.0,1,0.4761904761904763,1.0,2,0.9259259259259265,1.0,False,False,False,False,False,True,False,False,False,False,False
0.6875,0.8518518518518516,1.0,0.9166666666666667,0.0,2,1.0,0.09999999999999998,2,0.8888888888888893,0.7999999999999998,True,True,False,False,False,False,False,False,False,False,False
0.71875,0.11111111111111116,0.40000000000000013,1.0,1.0,1,0.4761904761904763,1.0,1,0.9259259259259265,1.0,False,False,False,False,False,True,False,False,False,False,False
0.71875,0.925925925925926,1.0,0.0,0.0,0,0.0,0.2857142857142857,0,0.3703703703703711,0.25,False,False,True,False,False,False,False,False,False,False,False
0.71875,0.0740740740740744,0.40000000000000013,1.0,1.0,1,0.4761904761904763,1.0,0,0.9259259259259265,1.0,False,False,False,False,False,True,False,False,False,False,False
0.71875,0.11111111111111116,0.40000000000000013,1.0,1.0,1,0.4761904761904763,1.0,2,0.9259259259259265,1.0,False,False,False,False,False,True,False,False,False,False,False
0.71875,0.0740740740740744,0.40000000000000013,1.0,1.0,1,0.4761904761904763,1.0,2,0.9259259259259265,1.0,False,False,False,False,False,True,False,False,False,False,False
0.75,1.0,1.0,0.0,0.0,0,0.0,0.2857142857142857,0,0.3703703703703711,0.25,False,False,True,False,False,False,False,False,False,False,False
0.75,0.4814814814814814,0.6000000000000001,0.41666666666666663,0.6000000000000001,0,0.3333333333333335,0.4285714285714286,0,0.3703703703703711,0.35000000000000053,False,False,False,False,False,True,False,False,False,False,False
0.75,0.0740740740740744,0.40000000000000013,1.0,1.0,1,0.4761904761904763,1.0,2,0.9259259259259265,1.0,False,False,False,False,False,True,False,False,False,False,False
0.75,0.11111111111111116,0.40000000000000013,1.0,1.0,1,0.4761904761904763,1.0,2,0.9259259259259265,1.0,False,False,False,False,False,True,False,False,False,False,False
0.78125,0.2592592592592595,0.6000000000000001,0.25,0.8,1,0.3333333333333335,0.4285714285714286,1,0.5555555555555562,0.5,False,False,False,False,False,False,False,False,False,False,False
0.78125,0.2962962962962963,0.6000000000000001,0.25,0.8,1,0.3333333333333335,0.4285714285714286,1,0.5555555555555562,0.5,False,False,False,False,False,False,False,False,False,False,False
0.78125,0.9629629629629632,1.0,0.0,0.0,0,0.0,0.2857142857142857,0,0.3703703703703711,0.25,False,False,True,False,False,False,False,False,False,False,False
0.8125,0.925925925925926,1.0,0.0,0.0,0,0.0,0.2857142857142857,1,0.3703703703703711,0.25,False,False,True,False,False,False,False,False,False,False,False
0.8125,1.0,1.0,0.0,0.0,0,0.0,0.2857142857142857,0,0.3703703703703711,0.25,False,False,True,False,False,False,False,False,False,False,False
0.8125,0.9629629629629632,1.0,0.0,0.0,0,0.0,0.2857142857142857,0,0.3703703703703711,0.25,False,False,True,False,False,False,False,False,False,False,False
0.8125,0.925925925925926,1.0,0.0,0.0,0,0.0,0.2857142857142857,0,0.3703703703703711,0.25,False,False,True,False,False,False,False,False,False,False,False
0.84375,0.9629629629629632,1.0,0.0,0.0,0,0.0,0.2857142857142857,0,0.3703703703703711,0.25,False,False,True,False,False,False,False,False,False,False,False
0.84375,1.0,1.0,0.0,0.0,0,0.0,0.2857142857142857,0,0.3703703703703711,0.25,False,False,True,False,False,False,False,False,False,False,False
0.875,0.8518518518518516,1.0,0.75,0.19999999999999996,1,0.3333333333333335,0.2857142857142857,2,0.9259259259259265,1.0,False,False,False,False,False,True,False,False,False,False,False
0.90625,0.8888888888888888,1.0,1.0,0.0,0,0.0,1.0,0,0.1111111111111116,0.0,False,True,False,False,False,False,False,False,False,False,False
0.9375,0.8518518518518516,1.0,0.75,0.0,1,0.14285714285714324,0.5714285714285714,0,0.9259259259259265,1.0,False,False,False,False,False,True,False,False,False,False,False
0.9375,0.8888888888888888,1.0,0.75,0.0,1,0.14285714285714324,0.5714285714285714,2,0.9259259259259265,1.0,False,False,False,False,False,True,False,False,False,False,False
0.9375,0.8518518518518516,1.0,0.75,0.0,1,0.14285714285714324,0.5714285714285714,2,0.9259259259259265,1.0,False,False,False,False,False,True,False,False,False,False,False
0.96875,0.8148148148148149,1.0,0.75,0.0,1,0.14285714285714324,0.5714285714285714,2,0.9259259259259265,1.0,False,False,False,False,False,True,False,False,False,False,False
1.0,0.8148148148148149,1.0,0.75,0.0,1,0.14285714285714324,0.5714285714285714,0,0.9259259259259265,1.0,False,False,False,False,False,True,False,False,False,False,False
1.0,0.8518518518518516,1.0,0.75,0.0,1,0.14285714285714324,0.5714285714285714,0,0.9259259259259265,1.0,False,False,False,False,False,True,False,False,False,False,False
1.0,0.8888888888888888,1.0,0.75,0.0,1,0.14285714285714324,0.5714285714285714,2,0.9259259259259265,1.0,False,False,False,False,False,True,False,False,False,False,False
1.0,0.8148148148148149,1.0,0.75,0.0,1,0.14285714285714324,0.5714285714285714,2,0.9259259259259265,1.0,False,False,False,False,False,True,False,False,False,False,False
1.0,0.8518518518518516,1.0,0.75,0.0,1,0.14285714285714324,0.5714285714285714,2,0.9259259259259265,1.0,False,False,False,False,False,True,False,False,False,False,False
